{
	"info": {
		"_postman_id": "customer-auth-api-collection",
		"name": "Customer Authentication API",
		"description": "Collection for testing customer authentication endpoints with JWT tokens",
		"schema": "https://schema.getpostman.com/json/collection/v2.1.0/collection.json"
	},
	"item": [
		{
			"name": "Customer Login",
			"request": {
				"method": "POST",
				"header": [
					{
						"key": "Content-Type",
						"value": "application/json"
					}
				],
				"body": {
					"mode": "raw",
					"raw": "{\n    \"username\": \"testuser\",\n    \"password\": \"testpass\"\n}"
				},
				"url": {
					"raw": "{{base_url}}/api/customer/login/",
					"host": [
						"{{base_url}}"
					],
					"path": [
						"api",
						"customer",
						"login",
						""
					]
				},
				"description": "Authenticate a customer and return JWT tokens"
			},
			"response": [
				{
					"name": "Success Response",
					"originalRequest": {
						"method": "POST",
						"header": [
							{
								"key": "Content-Type",
								"value": "application/json"
							}
						],
						"body": {
							"mode": "raw",
							"raw": "{\n    \"username\": \"testuser\",\n    \"password\": \"testpass\"\n}"
						},
						"url": {
							"raw": "{{base_url}}/api/customer/login/",
							"host": [
								"{{base_url}}"
							],
							"path": [
								"api",
								"customer",
								"login",
								""
							]
						}
					},
					"status": "OK",
					"code": 200,
					"_postman_previewlanguage": "json",
					"header": [
						{
							"key": "Content-Type",
							"value": "application/json"
						}
					],
					"cookie": [],
					"body": "{\n    \"status\": \"success\",\n    \"message\": \"Login successful\",\n    \"access_token\": \"eyJ0eXAiOiJKV1QiLCJhbGciOiJIUzI1NiJ9...\",\n    \"refresh_token\": \"eyJ0eXAiOiJKV1QiLCJhbGciOiJIUzI1NiJ9...\",\n    \"customer_id\": 1,\n    \"user_details\": {\n        \"id\": 1,\n        \"username\": \"testuser\",\n        \"email\": \"test@example.com\",\n        \"customer_name\": \"Test User\",\n        \"customer_phone\": \"1234567890\",\n        \"wallet_amount\": \"100.00\"\n    }\n}"
				}
			]
		},
		{
			"name": "Customer Register",
			"request": {
				"method": "POST",
				"header": [
					{
						"key": "Content-Type",
						"value": "application/json"
					}
				],
				"body": {
					"mode": "raw",
					"raw": "{\n    \"username\": \"newuser\",\n    \"password\": \"newpass123\",\n    \"email\": \"newuser@example.com\",\n    \"name\": \"New User\",\n    \"phone\": \"9876543210\"\n}"
				},
				"url": {
					"raw": "{{base_url}}/api/customer/register/",
					"host": [
						"{{base_url}}"
					],
					"path": [
						"api",
						"customer",
						"register",
						""
					]
				},
				"description": "Register a new customer and return JWT tokens"
			},
			"response": [
				{
					"name": "Success Response",
					"originalRequest": {
						"method": "POST",
						"header": [
							{
								"key": "Content-Type",
								"value": "application/json"
							}
						],
						"body": {
							"mode": "raw",
							"raw": "{\n    \"username\": \"newuser\",\n    \"password\": \"newpass123\",\n    \"email\": \"newuser@example.com\",\n    \"name\": \"New User\",\n    \"phone\": \"9876543210\"\n}"
						},
						"url": {
							"raw": "{{base_url}}/api/customer/register/",
							"host": [
								"{{base_url}}"
							],
							"path": [
								"api",
								"customer",
								"register",
								""
							]
						}
					},
					"status": "Created",
					"code": 201,
					"_postman_previewlanguage": "json",
					"header": [
						{
							"key": "Content-Type",
							"value": "application/json"
						}
					],
					"cookie": [],
					"body": "{\n    \"status\": \"success\",\n    \"message\": \"Customer registered successfully\",\n    \"access_token\": \"eyJ0eXAiOiJKV1QiLCJhbGciOiJIUzI1NiJ9...\",\n    \"refresh_token\": \"eyJ0eXAiOiJKV1QiLCJhbGciOiJIUzI1NiJ9...\",\n    \"customer_id\": 2,\n    \"user_details\": {\n        \"id\": 2,\n        \"username\": \"newuser\",\n        \"email\": \"newuser@example.com\",\n        \"customer_name\": \"New User\",\n        \"customer_phone\": \"9876543210\",\n        \"wallet_amount\": \"0.00\"\n    }\n}"
				}
			]
		},
		{
			"name": "Refresh Token",
			"request": {
				"method": "POST",
				"header": [
					{
						"key": "Content-Type",
						"value": "application/json"
					}
				],
				"body": {
					"mode": "raw",
					"raw": "{\n    \"refresh_token\": \"{{refresh_token}}\"\n}"
				},
				"url": {
					"raw": "{{base_url}}/api/customer/refresh/",
					"host": [
						"{{base_url}}"
					],
					"path": [
						"api",
						"customer",
						"refresh",
						""
					]
				},
				"description": "Refresh an expired access token using a valid refresh token"
			},
			"response": [
				{
					"name": "Success Response",
					"originalRequest": {
						"method": "POST",
						"header": [
							{
								"key": "Content-Type",
								"value": "application/json"
							}
						],
						"body": {
							"mode": "raw",
							"raw": "{\n    \"refresh_token\": \"eyJ0eXAiOiJKV1QiLCJhbGciOiJIUzI1NiJ9...\"\n}"
						},
						"url": {
							"raw": "{{base_url}}/api/customer/refresh/",
							"host": [
								"{{base_url}}"
							],
							"path": [
								"api",
								"customer",
								"refresh",
								""
							]
						}
					},
					"status": "OK",
					"code": 200,
					"_postman_previewlanguage": "json",
					"header": [
						{
							"key": "Content-Type",
							"value": "application/json"
						}
					],
					"cookie": [],
					"body": "{\n    \"status\": \"success\",\n    \"message\": \"Token refreshed successfully\",\n    \"access_token\": \"eyJ0eXAiOiJKV1QiLCJhbGciOiJIUzI1NiJ9...\",\n    \"refresh_token\": \"eyJ0eXAiOiJKV1QiLCJhbGciOiJIUzI1NiJ9...\"\n}"
				}
			]
		},
		{
			"name": "Test Authenticated Request",
			"request": {
				"method": "GET",
				"header": [
					{
						"key": "Authorization",
						"value": "Bearer {{access_token}}"
					},
					{
						"key": "Content-Type",
						"value": "application/json"
					}
				],
				"url": {
					"raw": "{{base_url}}/api/customers/",
					"host": [
						"{{base_url}}"
					],
					"path": [
						"api",
						"customers",
						""
					]
				},
				"description": "Example of how to use the access token for authenticated requests"
			},
			"response": []
		}
	],
	"event": [
		{
			"listen": "test",
			"script": {
				"exec": [
					"// Auto-save tokens from login/register responses",
					"if (pm.response.code === 200 || pm.response.code === 201) {",
					"    const responseJson = pm.response.json();",
					"    if (responseJson.access_token) {",
					"        pm.environment.set('access_token', responseJson.access_token);",
					"        console.log('Access token saved to environment');",
					"    }",
					"    if (responseJson.refresh_token) {",
					"        pm.environment.set('refresh_token', responseJson.refresh_token);",
					"        console.log('Refresh token saved to environment');",
					"    }",
					"    if (responseJson.customer_id) {",
					"        pm.environment.set('customer_id', responseJson.customer_id);",
					"        console.log('Customer ID saved to environment');",
					"    }",
					"}"
				],
				"type": "text/javascript"
			}
		}
	],
	"variable": [
		{
			"key": "base_url",
			"value": "http://localhost:8000",
			"type": "string"
		},
		{
			"key": "access_token",
			"value": "",
			"type": "string"
		},
		{
			"key": "refresh_token",
			"value": "",
			"type": "string"
		},
		{
			"key": "customer_id",
			"value": "",
			"type": "string"
		}
	]
}